-- =============================================================================
-- PaaS Supplement Seed: AdNexus, Zoo Labs, Zen LM, CF Pages, GH Pages
-- =============================================================================
-- Idempotent: ON CONFLICT (id) DO NOTHING throughout.
-- Prerequisite: paas-seed.sql + paas-seed-all.sql already applied.
-- =============================================================================

BEGIN;

-- =====================================================================
-- 1. NEW ORGANIZATIONS
-- =====================================================================
INSERT INTO organizations (id, iid, name, owner_user_id, is_cluster_entity, created_by, created_at, updated_at) VALUES
  ('org-adnexus-001', 'org-adnexus-001', 'AdNexus', 'usr-hanzo-admin-001', true, 'usr-hanzo-admin-001', NOW(), NOW()),
  ('org-zoo-001', 'org-zoo-001', 'Zoo Labs', 'usr-hanzo-admin-001', true, 'usr-hanzo-admin-001', NOW(), NOW()),
  ('org-zenlm-001', 'org-zenlm-001', 'Zen LM', 'usr-hanzo-admin-001', true, 'usr-hanzo-admin-001', NOW(), NOW())
ON CONFLICT (id) DO NOTHING;

INSERT INTO org_members (id, org_id, user_id, role, joined_at) VALUES
  ('om-adnexus-admin-001', 'org-adnexus-001', 'usr-hanzo-admin-001', 'Owner', NOW()),
  ('om-zoo-admin-001', 'org-zoo-001', 'usr-hanzo-admin-001', 'Owner', NOW()),
  ('om-zenlm-admin-001', 'org-zenlm-001', 'usr-hanzo-admin-001', 'Owner', NOW())
ON CONFLICT (id) DO NOTHING;

-- =====================================================================
-- 2. NEW CLUSTERS
-- =====================================================================

-- AdNexus K8s (real cluster)
INSERT INTO clusters (id, slug, name, type, provider, status, cloud_region, org_id, created_by, created_at, updated_at) VALUES
  ('cc108040-7a80-4aab-a6a2-3c98e0e9a5d8', 'adnexus-k8s-sfo3', 'AdNexus K8s (SFO3)', 'kubernetes', 'digitalocean', 'running', 'sfo3', 'org-adnexus-001', 'usr-hanzo-admin-001', NOW(), NOW())
ON CONFLICT (id) DO NOTHING;

-- CF Pages (Hanzo)
INSERT INTO clusters (id, slug, name, type, provider, status, cloud_region, org_id, created_by, created_at, updated_at) VALUES
  ('cluster-cf-pages-hanzo', 'cf-pages-hanzo', 'Cloudflare Pages (Hanzo)', 'cloudflare-pages', 'cloudflare', 'running', 'global', 'org-hanzo-001', 'usr-hanzo-admin-001', NOW(), NOW())
ON CONFLICT (id) DO NOTHING;

-- GH Pages per org
INSERT INTO clusters (id, slug, name, type, provider, status, cloud_region, org_id, created_by, created_at, updated_at) VALUES
  ('cluster-gh-pages-hanzo', 'gh-pages-hanzo', 'GitHub Pages (Hanzo)', 'github-pages', 'github', 'running', 'global', 'org-hanzo-001', 'usr-hanzo-admin-001', NOW(), NOW()),
  ('cluster-gh-pages-lux', 'gh-pages-lux', 'GitHub Pages (Lux)', 'github-pages', 'github', 'running', 'global', 'org-lux-001', 'usr-hanzo-admin-001', NOW(), NOW()),
  ('cluster-gh-pages-zoo', 'gh-pages-zoo', 'GitHub Pages (Zoo Labs)', 'github-pages', 'github', 'running', 'global', 'org-zoo-001', 'usr-hanzo-admin-001', NOW(), NOW()),
  ('cluster-gh-pages-adnexus', 'gh-pages-adnexus', 'GitHub Pages (AdNexus)', 'github-pages', 'github', 'running', 'global', 'org-adnexus-001', 'usr-hanzo-admin-001', NOW(), NOW()),
  ('cluster-gh-pages-zen', 'gh-pages-zen', 'GitHub Pages (Zen LM)', 'github-pages', 'github', 'running', 'global', 'org-zenlm-001', 'usr-hanzo-admin-001', NOW(), NOW())
ON CONFLICT (id) DO NOTHING;

-- =====================================================================
-- 3. NEW PROJECTS
-- =====================================================================
INSERT INTO projects (id, iid, org_id, owner_user_id, name, is_cluster_entity, created_by, created_at, updated_at) VALUES
  ('prj-adnexus-001', 'prj-adnexus-001', 'org-adnexus-001', 'usr-hanzo-admin-001', 'AdNexus Platform', true, 'usr-hanzo-admin-001', NOW(), NOW()),
  ('prj-zoo-001', 'prj-zoo-001', 'org-zoo-001', 'usr-hanzo-admin-001', 'Zoo Labs', true, 'usr-hanzo-admin-001', NOW(), NOW()),
  ('prj-zenlm-001', 'prj-zenlm-001', 'org-zenlm-001', 'usr-hanzo-admin-001', 'Zen LM', true, 'usr-hanzo-admin-001', NOW(), NOW()),
  ('prj-hanzo-sites-001', 'prj-hanzo-sites-001', 'org-hanzo-001', 'usr-hanzo-admin-001', 'Hanzo Sites', true, 'usr-hanzo-admin-001', NOW(), NOW()),
  ('prj-lux-sites-001', 'prj-lux-sites-001', 'org-lux-001', 'usr-hanzo-admin-001', 'Lux Sites', true, 'usr-hanzo-admin-001', NOW(), NOW()),
  ('prj-zoo-sites-001', 'prj-zoo-sites-001', 'org-zoo-001', 'usr-hanzo-admin-001', 'Zoo Labs Sites', true, 'usr-hanzo-admin-001', NOW(), NOW()),
  ('prj-adnexus-sites-001', 'prj-adnexus-sites-001', 'org-adnexus-001', 'usr-hanzo-admin-001', 'AdNexus Sites', true, 'usr-hanzo-admin-001', NOW(), NOW()),
  ('prj-zenlm-sites-001', 'prj-zenlm-sites-001', 'org-zenlm-001', 'usr-hanzo-admin-001', 'Zen LM Sites', true, 'usr-hanzo-admin-001', NOW(), NOW())
ON CONFLICT (id) DO NOTHING;

-- =====================================================================
-- 4. NEW ENVIRONMENTS
-- =====================================================================
INSERT INTO environments (id, iid, org_id, project_id, name, read_only, is_cluster_entity, created_by, created_at, updated_at) VALUES
  ('env-adnexus-prod', 'env-adnexus-prod', 'org-adnexus-001', 'prj-adnexus-001', 'production', true, true, 'usr-hanzo-admin-001', NOW(), NOW()),
  ('env-hanzo-cf-pages', 'env-hanzo-cf-pages', 'org-hanzo-001', 'prj-hanzo-sites-001', 'cloudflare-pages', true, true, 'usr-hanzo-admin-001', NOW(), NOW()),
  ('env-hanzo-gh-pages', 'env-hanzo-gh-pages', 'org-hanzo-001', 'prj-hanzo-sites-001', 'github-pages', true, true, 'usr-hanzo-admin-001', NOW(), NOW()),
  ('env-lux-gh-pages', 'env-lux-gh-pages', 'org-lux-001', 'prj-lux-sites-001', 'github-pages', true, true, 'usr-hanzo-admin-001', NOW(), NOW()),
  ('env-zoo-gh-pages', 'env-zoo-gh-pages', 'org-zoo-001', 'prj-zoo-sites-001', 'github-pages', true, true, 'usr-hanzo-admin-001', NOW(), NOW()),
  ('env-adnexus-gh-pages', 'env-adnexus-gh-pages', 'org-adnexus-001', 'prj-adnexus-sites-001', 'github-pages', true, true, 'usr-hanzo-admin-001', NOW(), NOW()),
  ('env-zenlm-gh-pages', 'env-zenlm-gh-pages', 'org-zenlm-001', 'prj-zenlm-sites-001', 'github-pages', true, true, 'usr-hanzo-admin-001', NOW(), NOW()),
  ('env-hanzo-production', 'env-hanzo-production', 'org-hanzo-001', 'prj-hanzo-cloud-001', 'production-legacy', true, true, 'usr-hanzo-admin-001', NOW(), NOW())
ON CONFLICT (id) DO NOTHING;

-- =====================================================================
-- 5. ADNEXUS K8S CONTAINERS (15 services)
-- =====================================================================

-- Deployments (14)
INSERT INTO containers (id, iid, slug, name, type, org_id, project_id, environment_id, cluster_id, source_type, registry_config, networking, deployment_config, variables, is_cluster_entity, created_by, created_at, updated_at) VALUES
('ctr-adnexus-adx', 'ctr-adnexus-adx', 'adnexus-adx', 'adx', 'deployment', 'org-adnexus-001', 'prj-adnexus-001', 'env-adnexus-prod', 'cc108040-7a80-4aab-a6a2-3c98e0e9a5d8', 'registry', '{"image":"ghcr.io/adnexustech/adx","tag":"latest","registry_type":"GHCR"}'::jsonb, '{"ports":[{"containerPort":3000,"protocol":"TCP"}]}'::jsonb, '{"replicas":1}'::jsonb, '[]'::jsonb, true, 'usr-hanzo-admin-001', NOW(), NOW()),
('ctr-adnexus-api-ai', 'ctr-adnexus-api-ai', 'adnexus-api-ai', 'api-ai', 'deployment', 'org-adnexus-001', 'prj-adnexus-001', 'env-adnexus-prod', 'cc108040-7a80-4aab-a6a2-3c98e0e9a5d8', 'registry', '{"image":"ghcr.io/adnexustech/api-ai","tag":"latest","registry_type":"GHCR"}'::jsonb, '{"ports":[{"containerPort":8080,"protocol":"TCP"}]}'::jsonb, '{"replicas":1}'::jsonb, '[]'::jsonb, true, 'usr-hanzo-admin-001', NOW(), NOW()),
('ctr-adnexus-api-dsp', 'ctr-adnexus-api-dsp', 'adnexus-api-dsp', 'api-dsp', 'deployment', 'org-adnexus-001', 'prj-adnexus-001', 'env-adnexus-prod', 'cc108040-7a80-4aab-a6a2-3c98e0e9a5d8', 'registry', '{"image":"ghcr.io/adnexustech/api-dsp","tag":"latest","registry_type":"GHCR"}'::jsonb, '{"ports":[{"containerPort":8080,"protocol":"TCP"}]}'::jsonb, '{"replicas":1}'::jsonb, '[]'::jsonb, true, 'usr-hanzo-admin-001', NOW(), NOW()),
('ctr-adnexus-api-ssp', 'ctr-adnexus-api-ssp', 'adnexus-api-ssp', 'api-ssp', 'deployment', 'org-adnexus-001', 'prj-adnexus-001', 'env-adnexus-prod', 'cc108040-7a80-4aab-a6a2-3c98e0e9a5d8', 'registry', '{"image":"ghcr.io/adnexustech/api-ssp","tag":"latest","registry_type":"GHCR"}'::jsonb, '{"ports":[{"containerPort":8080,"protocol":"TCP"}]}'::jsonb, '{"replicas":1}'::jsonb, '[]'::jsonb, true, 'usr-hanzo-admin-001', NOW(), NOW()),
('ctr-adnexus-datastore', 'ctr-adnexus-datastore', 'adnexus-datastore', 'datastore', 'deployment', 'org-adnexus-001', 'prj-adnexus-001', 'env-adnexus-prod', 'cc108040-7a80-4aab-a6a2-3c98e0e9a5d8', 'registry', '{"image":"ghcr.io/adnexustech/datastore","tag":"latest","registry_type":"GHCR"}'::jsonb, '{"ports":[{"containerPort":8080,"protocol":"TCP"}]}'::jsonb, '{"replicas":1}'::jsonb, '[]'::jsonb, true, 'usr-hanzo-admin-001', NOW(), NOW()),
('ctr-adnexus-docs', 'ctr-adnexus-docs', 'adnexus-docs', 'docs', 'deployment', 'org-adnexus-001', 'prj-adnexus-001', 'env-adnexus-prod', 'cc108040-7a80-4aab-a6a2-3c98e0e9a5d8', 'registry', '{"image":"ghcr.io/adnexustech/docs","tag":"latest","registry_type":"GHCR"}'::jsonb, '{"ports":[{"containerPort":80,"protocol":"TCP"}]}'::jsonb, '{"replicas":1}'::jsonb, '[]'::jsonb, true, 'usr-hanzo-admin-001', NOW(), NOW()),
('ctr-adnexus-dsp-ui', 'ctr-adnexus-dsp-ui', 'adnexus-dsp-ui', 'dsp-ui', 'deployment', 'org-adnexus-001', 'prj-adnexus-001', 'env-adnexus-prod', 'cc108040-7a80-4aab-a6a2-3c98e0e9a5d8', 'registry', '{"image":"ghcr.io/adnexustech/dsp-ui","tag":"latest","registry_type":"GHCR"}'::jsonb, '{"ports":[{"containerPort":80,"protocol":"TCP"}]}'::jsonb, '{"replicas":1}'::jsonb, '[]'::jsonb, true, 'usr-hanzo-admin-001', NOW(), NOW()),
('ctr-adnexus-grafana', 'ctr-adnexus-grafana', 'adnexus-grafana', 'grafana', 'deployment', 'org-adnexus-001', 'prj-adnexus-001', 'env-adnexus-prod', 'cc108040-7a80-4aab-a6a2-3c98e0e9a5d8', 'registry', '{"image":"grafana/grafana","tag":"latest","registry_type":"Docker"}'::jsonb, '{"ports":[{"containerPort":3000,"protocol":"TCP"}]}'::jsonb, '{"replicas":1}'::jsonb, '[]'::jsonb, true, 'usr-hanzo-admin-001', NOW(), NOW()),
('ctr-adnexus-kv', 'ctr-adnexus-kv', 'adnexus-kv', 'kv', 'deployment', 'org-adnexus-001', 'prj-adnexus-001', 'env-adnexus-prod', 'cc108040-7a80-4aab-a6a2-3c98e0e9a5d8', 'registry', '{"image":"ghcr.io/hanzoai/kv","tag":"8","registry_type":"GHCR"}'::jsonb, '{"ports":[{"containerPort":6379,"protocol":"TCP"}]}'::jsonb, '{"replicas":1}'::jsonb, '[]'::jsonb, true, 'usr-hanzo-admin-001', NOW(), NOW()),
('ctr-adnexus-login', 'ctr-adnexus-login', 'adnexus-login', 'login', 'deployment', 'org-adnexus-001', 'prj-adnexus-001', 'env-adnexus-prod', 'cc108040-7a80-4aab-a6a2-3c98e0e9a5d8', 'registry', '{"image":"ghcr.io/adnexustech/login","tag":"latest","registry_type":"GHCR"}'::jsonb, '{"ports":[{"containerPort":80,"protocol":"TCP"}]}'::jsonb, '{"replicas":1}'::jsonb, '[]'::jsonb, true, 'usr-hanzo-admin-001', NOW(), NOW()),
('ctr-adnexus-ssp-ui', 'ctr-adnexus-ssp-ui', 'adnexus-ssp-ui', 'ssp-ui', 'deployment', 'org-adnexus-001', 'prj-adnexus-001', 'env-adnexus-prod', 'cc108040-7a80-4aab-a6a2-3c98e0e9a5d8', 'registry', '{"image":"ghcr.io/adnexustech/ssp-ui","tag":"latest","registry_type":"GHCR"}'::jsonb, '{"ports":[{"containerPort":80,"protocol":"TCP"}]}'::jsonb, '{"replicas":1}'::jsonb, '[]'::jsonb, true, 'usr-hanzo-admin-001', NOW(), NOW()),
('ctr-adnexus-status', 'ctr-adnexus-status', 'adnexus-status', 'status', 'deployment', 'org-adnexus-001', 'prj-adnexus-001', 'env-adnexus-prod', 'cc108040-7a80-4aab-a6a2-3c98e0e9a5d8', 'registry', '{"image":"ghcr.io/adnexustech/status","tag":"latest","registry_type":"GHCR"}'::jsonb, '{"ports":[{"containerPort":80,"protocol":"TCP"}]}'::jsonb, '{"replicas":1}'::jsonb, '[]'::jsonb, true, 'usr-hanzo-admin-001', NOW(), NOW()),
('ctr-adnexus-vm', 'ctr-adnexus-vm', 'adnexus-victoria-metrics', 'victoria-metrics', 'deployment', 'org-adnexus-001', 'prj-adnexus-001', 'env-adnexus-prod', 'cc108040-7a80-4aab-a6a2-3c98e0e9a5d8', 'registry', '{"image":"victoriametrics/victoria-metrics","tag":"latest","registry_type":"Docker"}'::jsonb, '{"ports":[{"containerPort":8428,"protocol":"TCP"}]}'::jsonb, '{"replicas":1}'::jsonb, '[]'::jsonb, true, 'usr-hanzo-admin-001', NOW(), NOW()),
('ctr-adnexus-web', 'ctr-adnexus-web', 'adnexus-web', 'web', 'deployment', 'org-adnexus-001', 'prj-adnexus-001', 'env-adnexus-prod', 'cc108040-7a80-4aab-a6a2-3c98e0e9a5d8', 'registry', '{"image":"ghcr.io/adnexustech/web","tag":"latest","registry_type":"GHCR"}'::jsonb, '{"ports":[{"containerPort":80,"protocol":"TCP"}]}'::jsonb, '{"replicas":1}'::jsonb, '[]'::jsonb, true, 'usr-hanzo-admin-001', NOW(), NOW())
ON CONFLICT (id) DO NOTHING;

-- StatefulSet (1)
INSERT INTO containers (id, iid, slug, name, type, org_id, project_id, environment_id, cluster_id, source_type, registry_config, networking, stateful_set_config, variables, is_cluster_entity, created_by, created_at, updated_at) VALUES
('ctr-adnexus-sql', 'ctr-adnexus-sql', 'adnexus-sql', 'sql', 'statefulset', 'org-adnexus-001', 'prj-adnexus-001', 'env-adnexus-prod', 'cc108040-7a80-4aab-a6a2-3c98e0e9a5d8', 'registry', '{"image":"postgres","tag":"17-alpine","registry_type":"Docker"}'::jsonb, '{"ports":[{"containerPort":5432,"protocol":"TCP"}]}'::jsonb, '{"replicas":1}'::jsonb, '[]'::jsonb, true, 'usr-hanzo-admin-001', NOW(), NOW())
ON CONFLICT (id) DO NOTHING;

-- =====================================================================
-- 6. MISSING K8S CONTAINERS
-- =====================================================================

-- lux-k8s: mpc-node statefulset (missing from env-lux-mpc)
INSERT INTO containers (id, iid, slug, name, type, org_id, project_id, environment_id, cluster_id, source_type, registry_config, networking, stateful_set_config, variables, is_cluster_entity, created_by, created_at, updated_at) VALUES
('ctr-lk-lux-mpc-node', 'ctr-lk-lux-mpc-node', 'lk-lux-mpc-node', 'mpc-node', 'statefulset', 'org-lux-001', 'prj-lux-infra-001', 'env-lux-mpc', '04c46df5-5986-429a-9c7f-3f11a81c8539', 'registry', '{"image":"ghcr.io/luxfi/mpc-node","tag":"latest","registry_type":"GHCR"}'::jsonb, '{"ports":[{"containerPort":8545,"protocol":"TCP"}]}'::jsonb, '{"replicas":5}'::jsonb, '[]'::jsonb, true, 'usr-hanzo-admin-001', NOW(), NOW())
ON CONFLICT (id) DO NOTHING;

-- hanzo-k8s: production/bot-gateway
INSERT INTO containers (id, iid, slug, name, type, org_id, project_id, environment_id, cluster_id, source_type, registry_config, networking, deployment_config, variables, is_cluster_entity, created_by, created_at, updated_at) VALUES
('ctr-hk-prod-bot-gateway', 'ctr-hk-prod-bot-gateway', 'hk-prod-bot-gateway', 'bot-gateway-legacy', 'deployment', 'org-hanzo-001', 'prj-hanzo-cloud-001', 'env-hanzo-production', '1a153000-90a6-48ad-9375-7ef901a9bf7f', 'registry', '{"image":"ghcr.io/hanzoai/bot-gateway","tag":"latest","registry_type":"GHCR"}'::jsonb, '{"ports":[{"containerPort":8080,"protocol":"TCP"}]}'::jsonb, '{"replicas":1}'::jsonb, '[]'::jsonb, true, 'usr-hanzo-admin-001', NOW(), NOW())
ON CONFLICT (id) DO NOTHING;

-- hanzo-k8s: team/team-landing
INSERT INTO containers (id, iid, slug, name, type, org_id, project_id, environment_id, cluster_id, source_type, registry_config, networking, deployment_config, variables, is_cluster_entity, created_by, created_at, updated_at) VALUES
('ctr-hk-team-landing', 'ctr-hk-team-landing', 'hk-team-landing', 'team-landing', 'deployment', 'org-hanzo-001', 'prj-hanzo-cloud-001', 'env-hanzo-team', '1a153000-90a6-48ad-9375-7ef901a9bf7f', 'registry', '{"image":"ghcr.io/hanzoai/team-landing","tag":"latest","registry_type":"GHCR"}'::jsonb, '{"ports":[{"containerPort":80,"protocol":"TCP"}]}'::jsonb, '{"replicas":1}'::jsonb, '[]'::jsonb, true, 'usr-hanzo-admin-001', NOW(), NOW())
ON CONFLICT (id) DO NOTHING;

-- =====================================================================
-- 7. CLOUDFLARE PAGES CONTAINERS (10 projects)
-- =====================================================================
INSERT INTO containers (id, iid, slug, name, type, org_id, project_id, environment_id, cluster_id, source_type, registry_config, networking, static_site_config, variables, is_cluster_entity, created_by, created_at, updated_at) VALUES
('ctr-cf-hanzo-docs', 'ctr-cf-hanzo-docs', 'cf-hanzo-docs', 'hanzo-docs', 'static-site', 'org-hanzo-001', 'prj-hanzo-sites-001', 'env-hanzo-cf-pages', 'cluster-cf-pages-hanzo', 'repo', '{"image":"hanzo-docs","tag":"production","registry_type":"CloudflarePages"}'::jsonb, '{"ports":[]}'::jsonb, '{"buildCommand":"npm run build","outputDir":"dist","framework":"vitepress"}'::jsonb, '[]'::jsonb, true, 'usr-hanzo-admin-001', NOW(), NOW()),
('ctr-cf-bot-docs', 'ctr-cf-bot-docs', 'cf-bot-docs', 'bot-docs', 'static-site', 'org-hanzo-001', 'prj-hanzo-sites-001', 'env-hanzo-cf-pages', 'cluster-cf-pages-hanzo', 'repo', '{"image":"bot-docs","tag":"production","registry_type":"CloudflarePages"}'::jsonb, '{"ports":[]}'::jsonb, '{"buildCommand":"npm run build","outputDir":"dist","framework":"vitepress"}'::jsonb, '[]'::jsonb, true, 'usr-hanzo-admin-001', NOW(), NOW()),
('ctr-cf-zen-docs', 'ctr-cf-zen-docs', 'cf-zen-docs', 'zen-docs', 'static-site', 'org-hanzo-001', 'prj-hanzo-sites-001', 'env-hanzo-cf-pages', 'cluster-cf-pages-hanzo', 'repo', '{"image":"zen-docs","tag":"production","registry_type":"CloudflarePages"}'::jsonb, '{"ports":[]}'::jsonb, '{"buildCommand":"npm run build","outputDir":"dist","framework":"vitepress"}'::jsonb, '[]'::jsonb, true, 'usr-hanzo-admin-001', NOW(), NOW()),
('ctr-cf-zt-docs', 'ctr-cf-zt-docs', 'cf-zt-docs', 'zt-docs', 'static-site', 'org-hanzo-001', 'prj-hanzo-sites-001', 'env-hanzo-cf-pages', 'cluster-cf-pages-hanzo', 'repo', '{"image":"zt-docs","tag":"production","registry_type":"CloudflarePages"}'::jsonb, '{"ports":[]}'::jsonb, '{"buildCommand":"npm run build","outputDir":"dist","framework":"vitepress"}'::jsonb, '[]'::jsonb, true, 'usr-hanzo-admin-001', NOW(), NOW()),
('ctr-cf-base-docs', 'ctr-cf-base-docs', 'cf-base-docs', 'base-docs', 'static-site', 'org-hanzo-001', 'prj-hanzo-sites-001', 'env-hanzo-cf-pages', 'cluster-cf-pages-hanzo', 'repo', '{"image":"base-docs","tag":"production","registry_type":"CloudflarePages"}'::jsonb, '{"ports":[]}'::jsonb, '{"buildCommand":"npm run build","outputDir":"dist","framework":"vitepress"}'::jsonb, '[]'::jsonb, true, 'usr-hanzo-admin-001', NOW(), NOW()),
('ctr-cf-zap-docs', 'ctr-cf-zap-docs', 'cf-zap-docs', 'zap-docs', 'static-site', 'org-hanzo-001', 'prj-hanzo-sites-001', 'env-hanzo-cf-pages', 'cluster-cf-pages-hanzo', 'repo', '{"image":"zap-docs","tag":"production","registry_type":"CloudflarePages"}'::jsonb, '{"ports":[]}'::jsonb, '{"buildCommand":"npm run build","outputDir":"dist","framework":"vitepress"}'::jsonb, '[]'::jsonb, true, 'usr-hanzo-admin-001', NOW(), NOW()),
('ctr-cf-insights-docs', 'ctr-cf-insights-docs', 'cf-insights-docs', 'insights-docs', 'static-site', 'org-hanzo-001', 'prj-hanzo-sites-001', 'env-hanzo-cf-pages', 'cluster-cf-pages-hanzo', 'repo', '{"image":"insights-docs","tag":"production","registry_type":"CloudflarePages"}'::jsonb, '{"ports":[]}'::jsonb, '{"buildCommand":"npm run build","outputDir":"dist","framework":"vitepress"}'::jsonb, '[]'::jsonb, true, 'usr-hanzo-admin-001', NOW(), NOW()),
('ctr-cf-cloud-site', 'ctr-cf-cloud-site', 'cf-cloud-site', 'cloud-site', 'static-site', 'org-hanzo-001', 'prj-hanzo-sites-001', 'env-hanzo-cf-pages', 'cluster-cf-pages-hanzo', 'repo', '{"image":"cloud-site","tag":"production","registry_type":"CloudflarePages"}'::jsonb, '{"ports":[]}'::jsonb, '{"buildCommand":"npm run build","outputDir":"dist","framework":"next"}'::jsonb, '[]'::jsonb, true, 'usr-hanzo-admin-001', NOW(), NOW()),
('ctr-cf-zen-papers', 'ctr-cf-zen-papers', 'cf-zen-papers', 'zen-papers', 'static-site', 'org-hanzo-001', 'prj-hanzo-sites-001', 'env-hanzo-cf-pages', 'cluster-cf-pages-hanzo', 'repo', '{"image":"zen-papers","tag":"production","registry_type":"CloudflarePages"}'::jsonb, '{"ports":[]}'::jsonb, '{"buildCommand":"npm run build","outputDir":"dist","framework":"vitepress"}'::jsonb, '[]'::jsonb, true, 'usr-hanzo-admin-001', NOW(), NOW()),
('ctr-cf-hanzo-id', 'ctr-cf-hanzo-id', 'cf-hanzo-id', 'hanzo-id', 'static-site', 'org-hanzo-001', 'prj-hanzo-sites-001', 'env-hanzo-cf-pages', 'cluster-cf-pages-hanzo', 'repo', '{"image":"hanzo-id","tag":"production","registry_type":"CloudflarePages"}'::jsonb, '{"ports":[]}'::jsonb, '{"buildCommand":"npm run build","outputDir":"dist","framework":"next"}'::jsonb, '[]'::jsonb, true, 'usr-hanzo-admin-001', NOW(), NOW())
ON CONFLICT (id) DO NOTHING;

-- =====================================================================
-- 8. GITHUB PAGES — HANZO (35 repos)
-- =====================================================================
INSERT INTO containers (id, iid, slug, name, type, org_id, project_id, environment_id, cluster_id, source_type, registry_config, networking, static_site_config, variables, is_cluster_entity, created_by, created_at, updated_at) VALUES
('ctr-ghp-hanzo-ui', 'ctr-ghp-hanzo-ui', 'ghp-hanzo-ui', 'ui', 'static-site', 'org-hanzo-001', 'prj-hanzo-sites-001', 'env-hanzo-gh-pages', 'cluster-gh-pages-hanzo', 'repo', '{"image":"hanzoai/ui","tag":"gh-pages","registry_type":"GitHubPages"}'::jsonb, '{"ports":[]}'::jsonb, '{"buildCommand":"","outputDir":"","framework":"gh-pages"}'::jsonb, '[]'::jsonb, true, 'usr-hanzo-admin-001', NOW(), NOW()),
('ctr-ghp-hanzo-hanzo-ai', 'ctr-ghp-hanzo-hanzo-ai', 'ghp-hanzo-hanzo-ai', 'hanzo.ai', 'static-site', 'org-hanzo-001', 'prj-hanzo-sites-001', 'env-hanzo-gh-pages', 'cluster-gh-pages-hanzo', 'repo', '{"image":"hanzoai/hanzo.ai","tag":"gh-pages","registry_type":"GitHubPages"}'::jsonb, '{"ports":[]}'::jsonb, '{"buildCommand":"","outputDir":"","framework":"gh-pages"}'::jsonb, '[]'::jsonb, true, 'usr-hanzo-admin-001', NOW(), NOW()),
('ctr-ghp-hanzo-hanzo-sh', 'ctr-ghp-hanzo-hanzo-sh', 'ghp-hanzo-hanzo-sh', 'hanzo.sh', 'static-site', 'org-hanzo-001', 'prj-hanzo-sites-001', 'env-hanzo-gh-pages', 'cluster-gh-pages-hanzo', 'repo', '{"image":"hanzoai/hanzo.sh","tag":"gh-pages","registry_type":"GitHubPages"}'::jsonb, '{"ports":[]}'::jsonb, '{"buildCommand":"","outputDir":"","framework":"gh-pages"}'::jsonb, '[]'::jsonb, true, 'usr-hanzo-admin-001', NOW(), NOW()),
('ctr-ghp-hanzo-industries', 'ctr-ghp-hanzo-industries', 'ghp-hanzo-industries', 'hanzo.industries', 'static-site', 'org-hanzo-001', 'prj-hanzo-sites-001', 'env-hanzo-gh-pages', 'cluster-gh-pages-hanzo', 'repo', '{"image":"hanzoai/hanzo.industries","tag":"gh-pages","registry_type":"GitHubPages"}'::jsonb, '{"ports":[]}'::jsonb, '{"buildCommand":"","outputDir":"","framework":"gh-pages"}'::jsonb, '[]'::jsonb, true, 'usr-hanzo-admin-001', NOW(), NOW()),
('ctr-ghp-hanzo-python-sdk', 'ctr-ghp-hanzo-python-sdk', 'ghp-hanzo-python-sdk', 'python-sdk', 'static-site', 'org-hanzo-001', 'prj-hanzo-sites-001', 'env-hanzo-gh-pages', 'cluster-gh-pages-hanzo', 'repo', '{"image":"hanzoai/python-sdk","tag":"gh-pages","registry_type":"GitHubPages"}'::jsonb, '{"ports":[]}'::jsonb, '{"buildCommand":"","outputDir":"","framework":"gh-pages"}'::jsonb, '[]'::jsonb, true, 'usr-hanzo-admin-001', NOW(), NOW()),
('ctr-ghp-hanzo-hips', 'ctr-ghp-hanzo-hips', 'ghp-hanzo-hips', 'HIPs', 'static-site', 'org-hanzo-001', 'prj-hanzo-sites-001', 'env-hanzo-gh-pages', 'cluster-gh-pages-hanzo', 'repo', '{"image":"hanzoai/HIPs","tag":"gh-pages","registry_type":"GitHubPages"}'::jsonb, '{"ports":[]}'::jsonb, '{"buildCommand":"","outputDir":"","framework":"gh-pages"}'::jsonb, '[]'::jsonb, true, 'usr-hanzo-admin-001', NOW(), NOW()),
('ctr-ghp-hanzo-engine', 'ctr-ghp-hanzo-engine', 'ghp-hanzo-engine', 'engine', 'static-site', 'org-hanzo-001', 'prj-hanzo-sites-001', 'env-hanzo-gh-pages', 'cluster-gh-pages-hanzo', 'repo', '{"image":"hanzoai/engine","tag":"gh-pages","registry_type":"GitHubPages"}'::jsonb, '{"ports":[]}'::jsonb, '{"buildCommand":"","outputDir":"","framework":"gh-pages"}'::jsonb, '[]'::jsonb, true, 'usr-hanzo-admin-001', NOW(), NOW()),
('ctr-ghp-hanzo-brand', 'ctr-ghp-hanzo-brand', 'ghp-hanzo-brand', 'brand', 'static-site', 'org-hanzo-001', 'prj-hanzo-sites-001', 'env-hanzo-gh-pages', 'cluster-gh-pages-hanzo', 'repo', '{"image":"hanzoai/brand","tag":"gh-pages","registry_type":"GitHubPages"}'::jsonb, '{"ports":[]}'::jsonb, '{"buildCommand":"","outputDir":"","framework":"gh-pages"}'::jsonb, '[]'::jsonb, true, 'usr-hanzo-admin-001', NOW(), NOW()),
('ctr-ghp-hanzo-logo', 'ctr-ghp-hanzo-logo', 'ghp-hanzo-logo', 'logo', 'static-site', 'org-hanzo-001', 'prj-hanzo-sites-001', 'env-hanzo-gh-pages', 'cluster-gh-pages-hanzo', 'repo', '{"image":"hanzoai/logo","tag":"gh-pages","registry_type":"GitHubPages"}'::jsonb, '{"ports":[]}'::jsonb, '{"buildCommand":"","outputDir":"","framework":"gh-pages"}'::jsonb, '[]'::jsonb, true, 'usr-hanzo-admin-001', NOW(), NOW()),
('ctr-ghp-hanzo-live', 'ctr-ghp-hanzo-live', 'ghp-hanzo-live', 'live', 'static-site', 'org-hanzo-001', 'prj-hanzo-sites-001', 'env-hanzo-gh-pages', 'cluster-gh-pages-hanzo', 'repo', '{"image":"hanzoai/live","tag":"gh-pages","registry_type":"GitHubPages"}'::jsonb, '{"ports":[]}'::jsonb, '{"buildCommand":"","outputDir":"","framework":"gh-pages"}'::jsonb, '[]'::jsonb, true, 'usr-hanzo-admin-001', NOW(), NOW()),
('ctr-ghp-hanzo-papers', 'ctr-ghp-hanzo-papers', 'ghp-hanzo-papers', 'papers', 'static-site', 'org-hanzo-001', 'prj-hanzo-sites-001', 'env-hanzo-gh-pages', 'cluster-gh-pages-hanzo', 'repo', '{"image":"hanzoai/papers","tag":"gh-pages","registry_type":"GitHubPages"}'::jsonb, '{"ports":[]}'::jsonb, '{"buildCommand":"","outputDir":"","framework":"gh-pages"}'::jsonb, '[]'::jsonb, true, 'usr-hanzo-admin-001', NOW(), NOW()),
('ctr-ghp-hanzo-store', 'ctr-ghp-hanzo-store', 'ghp-hanzo-store', 'store', 'static-site', 'org-hanzo-001', 'prj-hanzo-sites-001', 'env-hanzo-gh-pages', 'cluster-gh-pages-hanzo', 'repo', '{"image":"hanzoai/store","tag":"gh-pages","registry_type":"GitHubPages"}'::jsonb, '{"ports":[]}'::jsonb, '{"buildCommand":"","outputDir":"","framework":"gh-pages"}'::jsonb, '[]'::jsonb, true, 'usr-hanzo-admin-001', NOW(), NOW()),
('ctr-ghp-hanzo-identity', 'ctr-ghp-hanzo-identity', 'ghp-hanzo-identity', 'identity', 'static-site', 'org-hanzo-001', 'prj-hanzo-sites-001', 'env-hanzo-gh-pages', 'cluster-gh-pages-hanzo', 'repo', '{"image":"hanzoai/identity","tag":"gh-pages","registry_type":"GitHubPages"}'::jsonb, '{"ports":[]}'::jsonb, '{"buildCommand":"","outputDir":"","framework":"gh-pages"}'::jsonb, '[]'::jsonb, true, 'usr-hanzo-admin-001', NOW(), NOW()),
('ctr-ghp-hanzo-docs', 'ctr-ghp-hanzo-docs', 'ghp-hanzo-docs', 'docs', 'static-site', 'org-hanzo-001', 'prj-hanzo-sites-001', 'env-hanzo-gh-pages', 'cluster-gh-pages-hanzo', 'repo', '{"image":"hanzoai/docs","tag":"gh-pages","registry_type":"GitHubPages"}'::jsonb, '{"ports":[]}'::jsonb, '{"buildCommand":"","outputDir":"","framework":"gh-pages"}'::jsonb, '[]'::jsonb, true, 'usr-hanzo-admin-001', NOW(), NOW()),
('ctr-ghp-hanzo-rfc', 'ctr-ghp-hanzo-rfc', 'ghp-hanzo-rfc', 'rfc', 'static-site', 'org-hanzo-001', 'prj-hanzo-sites-001', 'env-hanzo-gh-pages', 'cluster-gh-pages-hanzo', 'repo', '{"image":"hanzoai/rfc","tag":"gh-pages","registry_type":"GitHubPages"}'::jsonb, '{"ports":[]}'::jsonb, '{"buildCommand":"","outputDir":"","framework":"gh-pages"}'::jsonb, '[]'::jsonb, true, 'usr-hanzo-admin-001', NOW(), NOW()),
('ctr-ghp-hanzo-hanzo-network', 'ctr-ghp-hanzo-hanzo-network', 'ghp-hanzo-hanzo-network', 'hanzo.network', 'static-site', 'org-hanzo-001', 'prj-hanzo-sites-001', 'env-hanzo-gh-pages', 'cluster-gh-pages-hanzo', 'repo', '{"image":"hanzoai/hanzo.network","tag":"gh-pages","registry_type":"GitHubPages"}'::jsonb, '{"ports":[]}'::jsonb, '{"buildCommand":"","outputDir":"","framework":"gh-pages"}'::jsonb, '[]'::jsonb, true, 'usr-hanzo-admin-001', NOW(), NOW()),
('ctr-ghp-hanzo-hanzo-id', 'ctr-ghp-hanzo-hanzo-id', 'ghp-hanzo-hanzo-id', 'hanzo.id', 'static-site', 'org-hanzo-001', 'prj-hanzo-sites-001', 'env-hanzo-gh-pages', 'cluster-gh-pages-hanzo', 'repo', '{"image":"hanzoai/hanzo.id","tag":"gh-pages","registry_type":"GitHubPages"}'::jsonb, '{"ports":[]}'::jsonb, '{"buildCommand":"","outputDir":"","framework":"gh-pages"}'::jsonb, '[]'::jsonb, true, 'usr-hanzo-admin-001', NOW(), NOW()),
('ctr-ghp-hanzo-hanzo-app', 'ctr-ghp-hanzo-hanzo-app', 'ghp-hanzo-hanzo-app', 'hanzo.app', 'static-site', 'org-hanzo-001', 'prj-hanzo-sites-001', 'env-hanzo-gh-pages', 'cluster-gh-pages-hanzo', 'repo', '{"image":"hanzoai/hanzo.app","tag":"gh-pages","registry_type":"GitHubPages"}'::jsonb, '{"ports":[]}'::jsonb, '{"buildCommand":"","outputDir":"","framework":"gh-pages"}'::jsonb, '[]'::jsonb, true, 'usr-hanzo-admin-001', NOW(), NOW()),
('ctr-ghp-hanzo-hanzo-one', 'ctr-ghp-hanzo-hanzo-one', 'ghp-hanzo-hanzo-one', 'hanzo.one', 'static-site', 'org-hanzo-001', 'prj-hanzo-sites-001', 'env-hanzo-gh-pages', 'cluster-gh-pages-hanzo', 'repo', '{"image":"hanzoai/hanzo.one","tag":"gh-pages","registry_type":"GitHubPages"}'::jsonb, '{"ports":[]}'::jsonb, '{"buildCommand":"","outputDir":"","framework":"gh-pages"}'::jsonb, '[]'::jsonb, true, 'usr-hanzo-admin-001', NOW(), NOW()),
('ctr-ghp-hanzo-press', 'ctr-ghp-hanzo-press', 'ghp-hanzo-press', 'press', 'static-site', 'org-hanzo-001', 'prj-hanzo-sites-001', 'env-hanzo-gh-pages', 'cluster-gh-pages-hanzo', 'repo', '{"image":"hanzoai/press","tag":"gh-pages","registry_type":"GitHubPages"}'::jsonb, '{"ports":[]}'::jsonb, '{"buildCommand":"","outputDir":"","framework":"gh-pages"}'::jsonb, '[]'::jsonb, true, 'usr-hanzo-admin-001', NOW(), NOW()),
('ctr-ghp-hanzo-charts', 'ctr-ghp-hanzo-charts', 'ghp-hanzo-charts', 'charts', 'static-site', 'org-hanzo-001', 'prj-hanzo-sites-001', 'env-hanzo-gh-pages', 'cluster-gh-pages-hanzo', 'repo', '{"image":"hanzoai/charts","tag":"gh-pages","registry_type":"GitHubPages"}'::jsonb, '{"ports":[]}'::jsonb, '{"buildCommand":"","outputDir":"","framework":"gh-pages"}'::jsonb, '[]'::jsonb, true, 'usr-hanzo-admin-001', NOW(), NOW()),
('ctr-ghp-hanzo-billing', 'ctr-ghp-hanzo-billing', 'ghp-hanzo-billing', 'billing', 'static-site', 'org-hanzo-001', 'prj-hanzo-sites-001', 'env-hanzo-gh-pages', 'cluster-gh-pages-hanzo', 'repo', '{"image":"hanzoai/billing","tag":"gh-pages","registry_type":"GitHubPages"}'::jsonb, '{"ports":[]}'::jsonb, '{"buildCommand":"","outputDir":"","framework":"gh-pages"}'::jsonb, '[]'::jsonb, true, 'usr-hanzo-admin-001', NOW(), NOW()),
('ctr-ghp-hanzo-ghio', 'ctr-ghp-hanzo-ghio', 'ghp-hanzo-ghio', 'hanzoai.github.io', 'static-site', 'org-hanzo-001', 'prj-hanzo-sites-001', 'env-hanzo-gh-pages', 'cluster-gh-pages-hanzo', 'repo', '{"image":"hanzoai/hanzoai.github.io","tag":"gh-pages","registry_type":"GitHubPages"}'::jsonb, '{"ports":[]}'::jsonb, '{"buildCommand":"","outputDir":"","framework":"gh-pages"}'::jsonb, '[]'::jsonb, true, 'usr-hanzo-admin-001', NOW(), NOW())
ON CONFLICT (id) DO NOTHING;

-- =====================================================================
-- 9. GITHUB PAGES — LUX (top 30 repos)
-- =====================================================================
INSERT INTO containers (id, iid, slug, name, type, org_id, project_id, environment_id, cluster_id, source_type, registry_config, networking, static_site_config, variables, is_cluster_entity, created_by, created_at, updated_at) VALUES
('ctr-ghp-lux-node', 'ctr-ghp-lux-node', 'ghp-lux-node', 'node', 'static-site', 'org-lux-001', 'prj-lux-sites-001', 'env-lux-gh-pages', 'cluster-gh-pages-lux', 'repo', '{"image":"luxfi/node","tag":"gh-pages","registry_type":"GitHubPages"}'::jsonb, '{"ports":[]}'::jsonb, '{"buildCommand":"","outputDir":"","framework":"gh-pages"}'::jsonb, '[]'::jsonb, true, 'usr-hanzo-admin-001', NOW(), NOW()),
('ctr-ghp-lux-standard', 'ctr-ghp-lux-standard', 'ghp-lux-standard', 'standard', 'static-site', 'org-lux-001', 'prj-lux-sites-001', 'env-lux-gh-pages', 'cluster-gh-pages-lux', 'repo', '{"image":"luxfi/standard","tag":"gh-pages","registry_type":"GitHubPages"}'::jsonb, '{"ports":[]}'::jsonb, '{"buildCommand":"","outputDir":"","framework":"gh-pages"}'::jsonb, '[]'::jsonb, true, 'usr-hanzo-admin-001', NOW(), NOW()),
('ctr-ghp-lux-market', 'ctr-ghp-lux-market', 'ghp-lux-market', 'market', 'static-site', 'org-lux-001', 'prj-lux-sites-001', 'env-lux-gh-pages', 'cluster-gh-pages-lux', 'repo', '{"image":"luxfi/market","tag":"gh-pages","registry_type":"GitHubPages"}'::jsonb, '{"ports":[]}'::jsonb, '{"buildCommand":"","outputDir":"","framework":"gh-pages"}'::jsonb, '[]'::jsonb, true, 'usr-hanzo-admin-001', NOW(), NOW()),
('ctr-ghp-lux-exchange', 'ctr-ghp-lux-exchange', 'ghp-lux-exchange', 'exchange', 'static-site', 'org-lux-001', 'prj-lux-sites-001', 'env-lux-gh-pages', 'cluster-gh-pages-lux', 'repo', '{"image":"luxfi/exchange","tag":"gh-pages","registry_type":"GitHubPages"}'::jsonb, '{"ports":[]}'::jsonb, '{"buildCommand":"","outputDir":"","framework":"gh-pages"}'::jsonb, '[]'::jsonb, true, 'usr-hanzo-admin-001', NOW(), NOW()),
('ctr-ghp-lux-docs', 'ctr-ghp-lux-docs', 'ghp-lux-docs', 'docs', 'static-site', 'org-lux-001', 'prj-lux-sites-001', 'env-lux-gh-pages', 'cluster-gh-pages-lux', 'repo', '{"image":"luxfi/docs","tag":"gh-pages","registry_type":"GitHubPages"}'::jsonb, '{"ports":[]}'::jsonb, '{"buildCommand":"","outputDir":"","framework":"gh-pages"}'::jsonb, '[]'::jsonb, true, 'usr-hanzo-admin-001', NOW(), NOW()),
('ctr-ghp-lux-web', 'ctr-ghp-lux-web', 'ghp-lux-web', 'web', 'static-site', 'org-lux-001', 'prj-lux-sites-001', 'env-lux-gh-pages', 'cluster-gh-pages-lux', 'repo', '{"image":"luxfi/web","tag":"gh-pages","registry_type":"GitHubPages"}'::jsonb, '{"ports":[]}'::jsonb, '{"buildCommand":"","outputDir":"","framework":"gh-pages"}'::jsonb, '[]'::jsonb, true, 'usr-hanzo-admin-001', NOW(), NOW()),
('ctr-ghp-lux-wallet', 'ctr-ghp-lux-wallet', 'ghp-lux-wallet', 'wallet', 'static-site', 'org-lux-001', 'prj-lux-sites-001', 'env-lux-gh-pages', 'cluster-gh-pages-lux', 'repo', '{"image":"luxfi/wallet","tag":"gh-pages","registry_type":"GitHubPages"}'::jsonb, '{"ports":[]}'::jsonb, '{"buildCommand":"","outputDir":"","framework":"gh-pages"}'::jsonb, '[]'::jsonb, true, 'usr-hanzo-admin-001', NOW(), NOW()),
('ctr-ghp-lux-finance', 'ctr-ghp-lux-finance', 'ghp-lux-finance', 'finance', 'static-site', 'org-lux-001', 'prj-lux-sites-001', 'env-lux-gh-pages', 'cluster-gh-pages-lux', 'repo', '{"image":"luxfi/finance","tag":"gh-pages","registry_type":"GitHubPages"}'::jsonb, '{"ports":[]}'::jsonb, '{"buildCommand":"","outputDir":"","framework":"gh-pages"}'::jsonb, '[]'::jsonb, true, 'usr-hanzo-admin-001', NOW(), NOW()),
('ctr-ghp-lux-ui', 'ctr-ghp-lux-ui', 'ghp-lux-ui', 'ui', 'static-site', 'org-lux-001', 'prj-lux-sites-001', 'env-lux-gh-pages', 'cluster-gh-pages-lux', 'repo', '{"image":"luxfi/ui","tag":"gh-pages","registry_type":"GitHubPages"}'::jsonb, '{"ports":[]}'::jsonb, '{"buildCommand":"","outputDir":"","framework":"gh-pages"}'::jsonb, '[]'::jsonb, true, 'usr-hanzo-admin-001', NOW(), NOW()),
('ctr-ghp-lux-brand', 'ctr-ghp-lux-brand', 'ghp-lux-brand', 'brand', 'static-site', 'org-lux-001', 'prj-lux-sites-001', 'env-lux-gh-pages', 'cluster-gh-pages-lux', 'repo', '{"image":"luxfi/brand","tag":"gh-pages","registry_type":"GitHubPages"}'::jsonb, '{"ports":[]}'::jsonb, '{"buildCommand":"","outputDir":"","framework":"gh-pages"}'::jsonb, '[]'::jsonb, true, 'usr-hanzo-admin-001', NOW(), NOW()),
('ctr-ghp-lux-logo', 'ctr-ghp-lux-logo', 'ghp-lux-logo', 'logo', 'static-site', 'org-lux-001', 'prj-lux-sites-001', 'env-lux-gh-pages', 'cluster-gh-pages-lux', 'repo', '{"image":"luxfi/logo","tag":"gh-pages","registry_type":"GitHubPages"}'::jsonb, '{"ports":[]}'::jsonb, '{"buildCommand":"","outputDir":"","framework":"gh-pages"}'::jsonb, '[]'::jsonb, true, 'usr-hanzo-admin-001', NOW(), NOW()),
('ctr-ghp-lux-papers', 'ctr-ghp-lux-papers', 'ghp-lux-papers', 'papers', 'static-site', 'org-lux-001', 'prj-lux-sites-001', 'env-lux-gh-pages', 'cluster-gh-pages-lux', 'repo', '{"image":"luxfi/papers","tag":"gh-pages","registry_type":"GitHubPages"}'::jsonb, '{"ports":[]}'::jsonb, '{"buildCommand":"","outputDir":"","framework":"gh-pages"}'::jsonb, '[]'::jsonb, true, 'usr-hanzo-admin-001', NOW(), NOW()),
('ctr-ghp-lux-id', 'ctr-ghp-lux-id', 'ghp-lux-id', 'id', 'static-site', 'org-lux-001', 'prj-lux-sites-001', 'env-lux-gh-pages', 'cluster-gh-pages-lux', 'repo', '{"image":"luxfi/id","tag":"gh-pages","registry_type":"GitHubPages"}'::jsonb, '{"ports":[]}'::jsonb, '{"buildCommand":"","outputDir":"","framework":"gh-pages"}'::jsonb, '[]'::jsonb, true, 'usr-hanzo-admin-001', NOW(), NOW()),
('ctr-ghp-lux-dex', 'ctr-ghp-lux-dex', 'ghp-lux-dex', 'dex', 'static-site', 'org-lux-001', 'prj-lux-sites-001', 'env-lux-gh-pages', 'cluster-gh-pages-lux', 'repo', '{"image":"luxfi/dex","tag":"gh-pages","registry_type":"GitHubPages"}'::jsonb, '{"ports":[]}'::jsonb, '{"buildCommand":"","outputDir":"","framework":"gh-pages"}'::jsonb, '[]'::jsonb, true, 'usr-hanzo-admin-001', NOW(), NOW()),
('ctr-ghp-lux-scan', 'ctr-ghp-lux-scan', 'ghp-lux-scan', 'scan', 'static-site', 'org-lux-001', 'prj-lux-sites-001', 'env-lux-gh-pages', 'cluster-gh-pages-lux', 'repo', '{"image":"luxfi/scan","tag":"gh-pages","registry_type":"GitHubPages"}'::jsonb, '{"ports":[]}'::jsonb, '{"buildCommand":"","outputDir":"","framework":"gh-pages"}'::jsonb, '[]'::jsonb, true, 'usr-hanzo-admin-001', NOW(), NOW()),
('ctr-ghp-lux-safe', 'ctr-ghp-lux-safe', 'ghp-lux-safe', 'safe', 'static-site', 'org-lux-001', 'prj-lux-sites-001', 'env-lux-gh-pages', 'cluster-gh-pages-lux', 'repo', '{"image":"luxfi/safe","tag":"gh-pages","registry_type":"GitHubPages"}'::jsonb, '{"ports":[]}'::jsonb, '{"buildCommand":"","outputDir":"","framework":"gh-pages"}'::jsonb, '[]'::jsonb, true, 'usr-hanzo-admin-001', NOW(), NOW()),
('ctr-ghp-lux-shop', 'ctr-ghp-lux-shop', 'ghp-lux-shop', 'shop', 'static-site', 'org-lux-001', 'prj-lux-sites-001', 'env-lux-gh-pages', 'cluster-gh-pages-lux', 'repo', '{"image":"luxfi/shop","tag":"gh-pages","registry_type":"GitHubPages"}'::jsonb, '{"ports":[]}'::jsonb, '{"buildCommand":"","outputDir":"","framework":"gh-pages"}'::jsonb, '[]'::jsonb, true, 'usr-hanzo-admin-001', NOW(), NOW()),
('ctr-ghp-lux-chat', 'ctr-ghp-lux-chat', 'ghp-lux-chat', 'chat', 'static-site', 'org-lux-001', 'prj-lux-sites-001', 'env-lux-gh-pages', 'cluster-gh-pages-lux', 'repo', '{"image":"luxfi/chat","tag":"gh-pages","registry_type":"GitHubPages"}'::jsonb, '{"ports":[]}'::jsonb, '{"buildCommand":"","outputDir":"","framework":"gh-pages"}'::jsonb, '[]'::jsonb, true, 'usr-hanzo-admin-001', NOW(), NOW()),
('ctr-ghp-lux-bank', 'ctr-ghp-lux-bank', 'ghp-lux-bank', 'bank', 'static-site', 'org-lux-001', 'prj-lux-sites-001', 'env-lux-gh-pages', 'cluster-gh-pages-lux', 'repo', '{"image":"luxfi/bank","tag":"gh-pages","registry_type":"GitHubPages"}'::jsonb, '{"ports":[]}'::jsonb, '{"buildCommand":"","outputDir":"","framework":"gh-pages"}'::jsonb, '[]'::jsonb, true, 'usr-hanzo-admin-001', NOW(), NOW()),
('ctr-ghp-lux-foundation', 'ctr-ghp-lux-foundation', 'ghp-lux-foundation', 'foundation', 'static-site', 'org-lux-001', 'prj-lux-sites-001', 'env-lux-gh-pages', 'cluster-gh-pages-lux', 'repo', '{"image":"luxfi/foundation","tag":"gh-pages","registry_type":"GitHubPages"}'::jsonb, '{"ports":[]}'::jsonb, '{"buildCommand":"","outputDir":"","framework":"gh-pages"}'::jsonb, '[]'::jsonb, true, 'usr-hanzo-admin-001', NOW(), NOW()),
('ctr-ghp-lux-ghio', 'ctr-ghp-lux-ghio', 'ghp-lux-ghio', 'luxfi.github.io', 'static-site', 'org-lux-001', 'prj-lux-sites-001', 'env-lux-gh-pages', 'cluster-gh-pages-lux', 'repo', '{"image":"luxfi/luxfi.github.io","tag":"gh-pages","registry_type":"GitHubPages"}'::jsonb, '{"ports":[]}'::jsonb, '{"buildCommand":"","outputDir":"","framework":"gh-pages"}'::jsonb, '[]'::jsonb, true, 'usr-hanzo-admin-001', NOW(), NOW()),
('ctr-ghp-lux-identity', 'ctr-ghp-lux-identity', 'ghp-lux-identity', 'identity', 'static-site', 'org-lux-001', 'prj-lux-sites-001', 'env-lux-gh-pages', 'cluster-gh-pages-lux', 'repo', '{"image":"luxfi/identity","tag":"gh-pages","registry_type":"GitHubPages"}'::jsonb, '{"ports":[]}'::jsonb, '{"buildCommand":"","outputDir":"","framework":"gh-pages"}'::jsonb, '[]'::jsonb, true, 'usr-hanzo-admin-001', NOW(), NOW()),
('ctr-ghp-lux-press', 'ctr-ghp-lux-press', 'ghp-lux-press', 'press', 'static-site', 'org-lux-001', 'prj-lux-sites-001', 'env-lux-gh-pages', 'cluster-gh-pages-lux', 'repo', '{"image":"luxfi/press","tag":"gh-pages","registry_type":"GitHubPages"}'::jsonb, '{"ports":[]}'::jsonb, '{"buildCommand":"","outputDir":"","framework":"gh-pages"}'::jsonb, '[]'::jsonb, true, 'usr-hanzo-admin-001', NOW(), NOW()),
('ctr-ghp-lux-blog', 'ctr-ghp-lux-blog', 'ghp-lux-blog', 'blog', 'static-site', 'org-lux-001', 'prj-lux-sites-001', 'env-lux-gh-pages', 'cluster-gh-pages-lux', 'repo', '{"image":"luxfi/blog","tag":"gh-pages","registry_type":"GitHubPages"}'::jsonb, '{"ports":[]}'::jsonb, '{"buildCommand":"","outputDir":"","framework":"gh-pages"}'::jsonb, '[]'::jsonb, true, 'usr-hanzo-admin-001', NOW(), NOW()),
('ctr-ghp-lux-store', 'ctr-ghp-lux-store', 'ghp-lux-store', 'store', 'static-site', 'org-lux-001', 'prj-lux-sites-001', 'env-lux-gh-pages', 'cluster-gh-pages-lux', 'repo', '{"image":"luxfi/store","tag":"gh-pages","registry_type":"GitHubPages"}'::jsonb, '{"ports":[]}'::jsonb, '{"buildCommand":"","outputDir":"","framework":"gh-pages"}'::jsonb, '[]'::jsonb, true, 'usr-hanzo-admin-001', NOW(), NOW()),
('ctr-ghp-lux-charts', 'ctr-ghp-lux-charts', 'ghp-lux-charts', 'charts', 'static-site', 'org-lux-001', 'prj-lux-sites-001', 'env-lux-gh-pages', 'cluster-gh-pages-lux', 'repo', '{"image":"luxfi/charts","tag":"gh-pages","registry_type":"GitHubPages"}'::jsonb, '{"ports":[]}'::jsonb, '{"buildCommand":"","outputDir":"","framework":"gh-pages"}'::jsonb, '[]'::jsonb, true, 'usr-hanzo-admin-001', NOW(), NOW()),
('ctr-ghp-lux-vote', 'ctr-ghp-lux-vote', 'ghp-lux-vote', 'vote', 'static-site', 'org-lux-001', 'prj-lux-sites-001', 'env-lux-gh-pages', 'cluster-gh-pages-lux', 'repo', '{"image":"luxfi/vote","tag":"gh-pages","registry_type":"GitHubPages"}'::jsonb, '{"ports":[]}'::jsonb, '{"buildCommand":"","outputDir":"","framework":"gh-pages"}'::jsonb, '[]'::jsonb, true, 'usr-hanzo-admin-001', NOW(), NOW())
ON CONFLICT (id) DO NOTHING;

-- =====================================================================
-- 10. GITHUB PAGES — ZOO LABS (6 repos)
-- =====================================================================
INSERT INTO containers (id, iid, slug, name, type, org_id, project_id, environment_id, cluster_id, source_type, registry_config, networking, static_site_config, variables, is_cluster_entity, created_by, created_at, updated_at) VALUES
('ctr-ghp-zoo-zoo', 'ctr-ghp-zoo-zoo', 'ghp-zoo-zoo', 'zoo', 'static-site', 'org-zoo-001', 'prj-zoo-sites-001', 'env-zoo-gh-pages', 'cluster-gh-pages-zoo', 'repo', '{"image":"zoo-labs/zoo","tag":"gh-pages","registry_type":"GitHubPages"}'::jsonb, '{"ports":[]}'::jsonb, '{"buildCommand":"","outputDir":"","framework":"gh-pages"}'::jsonb, '[]'::jsonb, true, 'usr-hanzo-admin-001', NOW(), NOW()),
('ctr-ghp-zoo-ghio', 'ctr-ghp-zoo-ghio', 'ghp-zoo-ghio', 'zoo-labs.github.io', 'static-site', 'org-zoo-001', 'prj-zoo-sites-001', 'env-zoo-gh-pages', 'cluster-gh-pages-zoo', 'repo', '{"image":"zoo-labs/zoo-labs.github.io","tag":"gh-pages","registry_type":"GitHubPages"}'::jsonb, '{"ports":[]}'::jsonb, '{"buildCommand":"","outputDir":"","framework":"gh-pages"}'::jsonb, '[]'::jsonb, true, 'usr-hanzo-admin-001', NOW(), NOW()),
('ctr-ghp-zoo-ui', 'ctr-ghp-zoo-ui', 'ghp-zoo-ui', 'ui', 'static-site', 'org-zoo-001', 'prj-zoo-sites-001', 'env-zoo-gh-pages', 'cluster-gh-pages-zoo', 'repo', '{"image":"zoo-labs/ui","tag":"gh-pages","registry_type":"GitHubPages"}'::jsonb, '{"ports":[]}'::jsonb, '{"buildCommand":"","outputDir":"","framework":"gh-pages"}'::jsonb, '[]'::jsonb, true, 'usr-hanzo-admin-001', NOW(), NOW()),
('ctr-ghp-zoo-docs', 'ctr-ghp-zoo-docs', 'ghp-zoo-docs', 'docs', 'static-site', 'org-zoo-001', 'prj-zoo-sites-001', 'env-zoo-gh-pages', 'cluster-gh-pages-zoo', 'repo', '{"image":"zoo-labs/docs","tag":"gh-pages","registry_type":"GitHubPages"}'::jsonb, '{"ports":[]}'::jsonb, '{"buildCommand":"","outputDir":"","framework":"gh-pages"}'::jsonb, '[]'::jsonb, true, 'usr-hanzo-admin-001', NOW(), NOW()),
('ctr-ghp-zoo-zips', 'ctr-ghp-zoo-zips', 'ghp-zoo-zips', 'zips', 'static-site', 'org-zoo-001', 'prj-zoo-sites-001', 'env-zoo-gh-pages', 'cluster-gh-pages-zoo', 'repo', '{"image":"zoo-labs/zips","tag":"gh-pages","registry_type":"GitHubPages"}'::jsonb, '{"ports":[]}'::jsonb, '{"buildCommand":"","outputDir":"","framework":"gh-pages"}'::jsonb, '[]'::jsonb, true, 'usr-hanzo-admin-001', NOW(), NOW()),
('ctr-ghp-zoo-network', 'ctr-ghp-zoo-network', 'ghp-zoo-network', 'network', 'static-site', 'org-zoo-001', 'prj-zoo-sites-001', 'env-zoo-gh-pages', 'cluster-gh-pages-zoo', 'repo', '{"image":"zoo-labs/network","tag":"gh-pages","registry_type":"GitHubPages"}'::jsonb, '{"ports":[]}'::jsonb, '{"buildCommand":"","outputDir":"","framework":"gh-pages"}'::jsonb, '[]'::jsonb, true, 'usr-hanzo-admin-001', NOW(), NOW())
ON CONFLICT (id) DO NOTHING;

-- =====================================================================
-- 11. GITHUB PAGES — ADNEXUS (2 repos)
-- =====================================================================
INSERT INTO containers (id, iid, slug, name, type, org_id, project_id, environment_id, cluster_id, source_type, registry_config, networking, static_site_config, variables, is_cluster_entity, created_by, created_at, updated_at) VALUES
('ctr-ghp-adnexus-web', 'ctr-ghp-adnexus-web', 'ghp-adnexus-web', 'web', 'static-site', 'org-adnexus-001', 'prj-adnexus-sites-001', 'env-adnexus-gh-pages', 'cluster-gh-pages-adnexus', 'repo', '{"image":"adnexustech/web","tag":"gh-pages","registry_type":"GitHubPages"}'::jsonb, '{"ports":[]}'::jsonb, '{"buildCommand":"","outputDir":"","framework":"gh-pages"}'::jsonb, '[]'::jsonb, true, 'usr-hanzo-admin-001', NOW(), NOW()),
('ctr-ghp-adnexus-studio', 'ctr-ghp-adnexus-studio', 'ghp-adnexus-studio', 'studio', 'static-site', 'org-adnexus-001', 'prj-adnexus-sites-001', 'env-adnexus-gh-pages', 'cluster-gh-pages-adnexus', 'repo', '{"image":"adnexustech/studio","tag":"gh-pages","registry_type":"GitHubPages"}'::jsonb, '{"ports":[]}'::jsonb, '{"buildCommand":"","outputDir":"","framework":"gh-pages"}'::jsonb, '[]'::jsonb, true, 'usr-hanzo-admin-001', NOW(), NOW())
ON CONFLICT (id) DO NOTHING;

-- =====================================================================
-- 12. GITHUB PAGES — ZEN LM (9 repos)
-- =====================================================================
INSERT INTO containers (id, iid, slug, name, type, org_id, project_id, environment_id, cluster_id, source_type, registry_config, networking, static_site_config, variables, is_cluster_entity, created_by, created_at, updated_at) VALUES
('ctr-ghp-zen-zen', 'ctr-ghp-zen-zen', 'ghp-zen-zen', 'zen', 'static-site', 'org-zenlm-001', 'prj-zenlm-sites-001', 'env-zenlm-gh-pages', 'cluster-gh-pages-zen', 'repo', '{"image":"zenlm/zen","tag":"gh-pages","registry_type":"GitHubPages"}'::jsonb, '{"ports":[]}'::jsonb, '{"buildCommand":"","outputDir":"","framework":"gh-pages"}'::jsonb, '[]'::jsonb, true, 'usr-hanzo-admin-001', NOW(), NOW()),
('ctr-ghp-zen-blog', 'ctr-ghp-zen-blog', 'ghp-zen-blog', 'zen-blog', 'static-site', 'org-zenlm-001', 'prj-zenlm-sites-001', 'env-zenlm-gh-pages', 'cluster-gh-pages-zen', 'repo', '{"image":"zenlm/zen-blog","tag":"gh-pages","registry_type":"GitHubPages"}'::jsonb, '{"ports":[]}'::jsonb, '{"buildCommand":"","outputDir":"","framework":"gh-pages"}'::jsonb, '[]'::jsonb, true, 'usr-hanzo-admin-001', NOW(), NOW()),
('ctr-ghp-zen-papers', 'ctr-ghp-zen-papers', 'ghp-zen-papers', 'papers', 'static-site', 'org-zenlm-001', 'prj-zenlm-sites-001', 'env-zenlm-gh-pages', 'cluster-gh-pages-zen', 'repo', '{"image":"zenlm/papers","tag":"gh-pages","registry_type":"GitHubPages"}'::jsonb, '{"ports":[]}'::jsonb, '{"buildCommand":"","outputDir":"","framework":"gh-pages"}'::jsonb, '[]'::jsonb, true, 'usr-hanzo-admin-001', NOW(), NOW()),
('ctr-ghp-zen-brand', 'ctr-ghp-zen-brand', 'ghp-zen-brand', 'brand', 'static-site', 'org-zenlm-001', 'prj-zenlm-sites-001', 'env-zenlm-gh-pages', 'cluster-gh-pages-zen', 'repo', '{"image":"zenlm/brand","tag":"gh-pages","registry_type":"GitHubPages"}'::jsonb, '{"ports":[]}'::jsonb, '{"buildCommand":"","outputDir":"","framework":"gh-pages"}'::jsonb, '[]'::jsonb, true, 'usr-hanzo-admin-001', NOW(), NOW()),
('ctr-ghp-zen-docs', 'ctr-ghp-zen-docs', 'ghp-zen-docs', 'zen-docs', 'static-site', 'org-zenlm-001', 'prj-zenlm-sites-001', 'env-zenlm-gh-pages', 'cluster-gh-pages-zen', 'repo', '{"image":"zenlm/zen-docs","tag":"gh-pages","registry_type":"GitHubPages"}'::jsonb, '{"ports":[]}'::jsonb, '{"buildCommand":"","outputDir":"","framework":"gh-pages"}'::jsonb, '[]'::jsonb, true, 'usr-hanzo-admin-001', NOW(), NOW()),
('ctr-ghp-zen-live', 'ctr-ghp-zen-live', 'ghp-zen-live', 'zen-live', 'static-site', 'org-zenlm-001', 'prj-zenlm-sites-001', 'env-zenlm-gh-pages', 'cluster-gh-pages-zen', 'repo', '{"image":"zenlm/zen-live","tag":"gh-pages","registry_type":"GitHubPages"}'::jsonb, '{"ports":[]}'::jsonb, '{"buildCommand":"","outputDir":"","framework":"gh-pages"}'::jsonb, '[]'::jsonb, true, 'usr-hanzo-admin-001', NOW(), NOW()),
('ctr-ghp-zen-identity', 'ctr-ghp-zen-identity', 'ghp-zen-identity', 'identity', 'static-site', 'org-zenlm-001', 'prj-zenlm-sites-001', 'env-zenlm-gh-pages', 'cluster-gh-pages-zen', 'repo', '{"image":"zenlm/identity","tag":"gh-pages","registry_type":"GitHubPages"}'::jsonb, '{"ports":[]}'::jsonb, '{"buildCommand":"","outputDir":"","framework":"gh-pages"}'::jsonb, '[]'::jsonb, true, 'usr-hanzo-admin-001', NOW(), NOW()),
('ctr-ghp-zen-logo', 'ctr-ghp-zen-logo', 'ghp-zen-logo', 'logo', 'static-site', 'org-zenlm-001', 'prj-zenlm-sites-001', 'env-zenlm-gh-pages', 'cluster-gh-pages-zen', 'repo', '{"image":"zenlm/logo","tag":"gh-pages","registry_type":"GitHubPages"}'::jsonb, '{"ports":[]}'::jsonb, '{"buildCommand":"","outputDir":"","framework":"gh-pages"}'::jsonb, '[]'::jsonb, true, 'usr-hanzo-admin-001', NOW(), NOW()),
('ctr-ghp-zen-press', 'ctr-ghp-zen-press', 'ghp-zen-press', 'press', 'static-site', 'org-zenlm-001', 'prj-zenlm-sites-001', 'env-zenlm-gh-pages', 'cluster-gh-pages-zen', 'repo', '{"image":"zenlm/press","tag":"gh-pages","registry_type":"GitHubPages"}'::jsonb, '{"ports":[]}'::jsonb, '{"buildCommand":"","outputDir":"","framework":"gh-pages"}'::jsonb, '[]'::jsonb, true, 'usr-hanzo-admin-001', NOW(), NOW())
ON CONFLICT (id) DO NOTHING;

-- =====================================================================
-- VERIFICATION
-- =====================================================================
SELECT 'organizations' AS entity, COUNT(*) AS total FROM organizations
UNION ALL SELECT 'org_members', COUNT(*) FROM org_members
UNION ALL SELECT 'clusters', COUNT(*) FROM clusters
UNION ALL SELECT 'projects', COUNT(*) FROM projects
UNION ALL SELECT 'environments', COUNT(*) FROM environments
UNION ALL SELECT 'containers', COUNT(*) FROM containers;

SELECT o.name AS org, COUNT(c.id) AS containers
FROM organizations o
LEFT JOIN containers c ON c.org_id = o.id
GROUP BY o.name
ORDER BY containers DESC;

COMMIT;
